{"cameraMode":{"drawMode":0,"name":"Shaded","section":"Shading Mode"},"sceneLighting":true,"audioPlay":false,"sceneViewState":{"showFog":true,"showMaterialUpdate":false,"showSkybox":true,"showFlares":true,"showImageEffects":true,"showParticleSystems":true,"showVisualEffectGraphs":true,"m_FxEnabled":true},"in2DMode":false,"pivot":{"x":1.0302605628967286,"y":-1.1530128717422486,"z":31.480247497558595},"rotation":{"x":-0.009309615939855576,"y":-0.003902371507138014,"z":0.000036276520404499024,"w":-0.9999496340751648},"size":33.86204147338867,"orthographic":false}