{"cameraMode":{"drawMode":0,"name":"Shaded","section":"Shading Mode"},"sceneLighting":true,"audioPlay":false,"sceneViewState":{"showFog":true,"showMaterialUpdate":false,"showSkybox":true,"showFlares":true,"showImageEffects":true,"showParticleSystems":true,"showVisualEffectGraphs":true,"m_FxEnabled":true},"in2DMode":false,"pivot":{"x":10.492597579956055,"y":-9.637702941894532,"z":29.377580642700197},"rotation":{"x":-0.14665187895298005,"y":-0.0409424714744091,"z":0.006075186189264059,"w":-0.9883221983909607},"size":22.497949600219728,"orthographic":false}