{"cameraMode":{"drawMode":0,"name":"Shaded","section":"Shading Mode"},"sceneLighting":false,"audioPlay":false,"sceneViewState":{"showFog":true,"showMaterialUpdate":false,"showSkybox":false,"showFlares":true,"showImageEffects":true,"showParticleSystems":true,"showVisualEffectGraphs":true,"m_FxEnabled":true},"in2DMode":false,"pivot":{"x":-0.09102610498666763,"y":-0.09782706201076508,"z":3.3696651458740236},"rotation":{"x":-0.006309362594038248,"y":-0.011401662603020668,"z":0.00007161912799347192,"w":-0.9999165534973145},"size":2.3777287006378176,"orthographic":false}