{"cameraMode":{"drawMode":0,"name":"Shaded","section":"Shading Mode"},"sceneLighting":false,"audioPlay":false,"sceneViewState":{"showFog":true,"showMaterialUpdate":false,"showSkybox":false,"showFlares":true,"showImageEffects":true,"showParticleSystems":true,"showVisualEffectGraphs":true,"m_FxEnabled":true},"in2DMode":false,"pivot":{"x":0.10613156855106354,"y":0.19393964111804963,"z":0.9943050146102905},"rotation":{"x":-0.05126074701547623,"y":0.03204952925443649,"z":-0.001645939308218658,"w":-0.9981700778007507},"size":1.09028959274292,"orthographic":false}